{"count":1,"self":48.9026176,"total":526.4734606,"children":{"InitializeActuators":{"count":10,"self":0.0019946,"total":0.0019946,"children":null},"InitializeSensors":{"count":10,"self":0.0059841999999999994,"total":0.0059841999999999994,"children":null},"AgentSendState":{"count":22584,"self":3.8493655999999996,"total":12.9138357,"children":{"CollectObservations":{"count":112920,"self":0.60451139999999992,"total":0.60451139999999992,"children":null},"WriteActionMask":{"count":112920,"self":0.40668859999999996,"total":0.40668859999999996,"children":null},"RequestDecision":{"count":112920,"self":1.4190094,"total":8.0532700999999989,"children":{"AgentInfo.ToProto":{"count":112920,"self":1.2667841,"total":6.6342607,"children":{"GenerateSensorData":{"count":112920,"self":4.7850655999999994,"total":5.3674766,"children":{"RayPerceptionSensor.Perceive":{"count":112920,"self":0.5824109,"total":0.5824109,"children":null}}}}}}}}},"DecideAction":{"count":22584,"self":463.3540096,"total":463.3539882,"children":null},"AgentAct":{"count":22584,"self":1.2930449,"total":1.2940421,"children":{"AgentInfo.ToProto":{"count":20,"self":0,"total":0.0009972,"children":{"GenerateSensorData":{"count":20,"self":0,"total":0.0009972,"children":{"RayPerceptionSensor.Perceive":{"count":20,"self":0.0009972,"total":0.0009972,"children":null}}}}}}}},"gauges":{"RedCell3Raycast.CumulativeReward":{"count":20,"max":3096.22217,"min":-1478.85632,"runningAverage":800.341431,"value":362.805817,"weightedAverage":660.266235}},"metadata":{"timer_format_version":"0.1.0","start_time_seconds":"1661105443","unity_version":"2020.3.16f1","command_line_arguments":"C:\\Program Files\\Unity\\Hub\\Editor\\2020.3.16f1\\Editor\\Unity.exe -projectpath D:\/Hamza Logic\/Unity\/ML-Agents\/ML-Agents RL -useHub -hubIPC -cloudEnvironment production -hubSessionId d890c630-1e10-11ed-b83b-99ceede834e6","communication_protocol_version":"1.5.0","com.unity.ml-agents_version":"2.0.1","scene_name":"Experimente 2","end_time_seconds":"1661105970"}}