{
    "name": "root",
    "gauges": {
        "RedCell3Raycast.Policy.Entropy.mean": {
            "value": 1.0284584760665894,
            "min": 1.0284584760665894,
            "max": 1.3973324298858643,
            "count": 50
        },
        "RedCell3Raycast.Policy.Entropy.sum": {
            "value": 9955.4775390625,
            "min": 9874.71484375,
            "max": 14308.68359375,
            "count": 50
        },
        "RedCell3Raycast.Step.mean": {
            "value": 499992.0,
            "min": 9960.0,
            "max": 499992.0,
            "count": 50
        },
        "RedCell3Raycast.Step.sum": {
            "value": 499992.0,
            "min": 9960.0,
            "max": 499992.0,
            "count": 50
        },
        "RedCell3Raycast.Policy.ExtrinsicValueEstimate.mean": {
            "value": 9.61851692199707,
            "min": -6.040435791015625,
            "max": 23.299121856689453,
            "count": 50
        },
        "RedCell3Raycast.Policy.ExtrinsicValueEstimate.sum": {
            "value": 1538.962646484375,
            "min": -966.4697265625,
            "max": 3727.859375,
            "count": 50
        },
        "RedCell3Raycast.Losses.PolicyLoss.mean": {
            "value": 0.2515802227493118,
            "min": 0.24390530842384278,
            "max": 0.26125054899931127,
            "count": 50
        },
        "RedCell3Raycast.Losses.PolicyLoss.sum": {
            "value": 3.773703341239677,
            "min": 3.6922904043926796,
            "max": 4.304357485889025,
            "count": 50
        },
        "RedCell3Raycast.Losses.ValueLoss.mean": {
            "value": 40.19670586801238,
            "min": 1.7045540238357226,
            "max": 43.13500808306142,
            "count": 50
        },
        "RedCell3Raycast.Losses.ValueLoss.sum": {
            "value": 602.9505880201857,
            "min": 27.272864381371562,
            "max": 690.1601293289827,
            "count": 50
        },
        "RedCell3Raycast.Policy.LearningRate.mean": {
            "value": 2.9472990176000007e-06,
            "min": 2.9472990176000007e-06,
            "max": 0.0002967465010845,
            "count": 50
        },
        "RedCell3Raycast.Policy.LearningRate.sum": {
            "value": 4.4209485264000013e-05,
            "min": 4.4209485264000013e-05,
            "max": 0.004747944017352,
            "count": 50
        },
        "RedCell3Raycast.Policy.Epsilon.mean": {
            "value": 0.1009824,
            "min": 0.1009824,
            "max": 0.19891550000000002,
            "count": 50
        },
        "RedCell3Raycast.Policy.Epsilon.sum": {
            "value": 1.514736,
            "min": 1.514736,
            "max": 3.212648,
            "count": 50
        },
        "RedCell3Raycast.Policy.Beta.mean": {
            "value": 0.0005000000000000002,
            "min": 0.0005,
            "max": 0.0005000000000000002,
            "count": 50
        },
        "RedCell3Raycast.Policy.Beta.sum": {
            "value": 0.007500000000000004,
            "min": 0.007500000000000004,
            "max": 0.0085,
            "count": 50
        },
        "RedCell3Raycast.Environment.EpisodeLength.mean": {
            "value": 1399.0,
            "min": 999.0,
            "max": 1399.0,
            "count": 50
        },
        "RedCell3Raycast.Environment.EpisodeLength.sum": {
            "value": 13990.0,
            "min": 8991.0,
            "max": 13990.0,
            "count": 50
        },
        "RedCell3Raycast.Environment.CumulativeReward.mean": {
            "value": 109.5555551317003,
            "min": -3.2222234937879772,
            "max": 213.4666619433297,
            "count": 50
        },
        "RedCell3Raycast.Environment.CumulativeReward.sum": {
            "value": 985.9999961853027,
            "min": -29.000011444091797,
            "max": 2060.999920964241,
            "count": 50
        },
        "RedCell3Raycast.Policy.ExtrinsicReward.mean": {
            "value": 109.5555551317003,
            "min": -3.2222234937879772,
            "max": 213.4666619433297,
            "count": 50
        },
        "RedCell3Raycast.Policy.ExtrinsicReward.sum": {
            "value": 985.9999961853027,
            "min": -29.000011444091797,
            "max": 2060.999920964241,
            "count": 50
        },
        "RedCell3Raycast.IsTraining.mean": {
            "value": 1.0,
            "min": 1.0,
            "max": 1.0,
            "count": 50
        },
        "RedCell3Raycast.IsTraining.sum": {
            "value": 1.0,
            "min": 1.0,
            "max": 1.0,
            "count": 50
        }
    },
    "metadata": {
        "timer_format_version": "0.1.0",
        "start_time_seconds": "1661106237",
        "python_version": "3.9.6 (tags/v3.9.6:db3ff76, Jun 28 2021, 15:26:21) [MSC v.1929 64 bit (AMD64)]",
        "command_line_arguments": "D:\\Hamza Logic\\Unity\\ML-Agents\\ML-Agents RL\\venv\\Scripts\\mlagents-learn config\\RedCell3Raycast.yaml --force --run-id=RedCells3RaycastP2",
        "mlagents_version": "0.29.0",
        "mlagents_envs_version": "0.29.0",
        "communication_protocol_version": "1.5.0",
        "pytorch_version": "1.12.1+cu116",
        "numpy_version": "1.21.2",
        "end_time_seconds": "1661108548"
    },
    "total": 2310.4937915,
    "count": 1,
    "self": 0.011408100000153354,
    "children": {
        "run_training.setup": {
            "total": 0.1774452000000002,
            "count": 1,
            "self": 0.1774452000000002
        },
        "TrainerController.start_learning": {
            "total": 2310.3049382,
            "count": 1,
            "self": 1.0085677000015494,
            "children": {
                "TrainerController._reset_env": {
                    "total": 22.4293879,
                    "count": 1,
                    "self": 22.4293879
                },
                "TrainerController.advance": {
                    "total": 2286.780627299998,
                    "count": 50064,
                    "self": 1.0383194999867555,
                    "children": {
                        "env_step": {
                            "total": 530.0133882999971,
                            "count": 50064,
                            "self": 414.4040623999798,
                            "children": {
                                "SubprocessEnvManager._take_step": {
                                    "total": 114.96034180000053,
                                    "count": 50064,
                                    "self": 3.8497504999839975,
                                    "children": {
                                        "TorchPolicy.evaluate": {
                                            "total": 111.11059130001654,
                                            "count": 50064,
                                            "self": 64.21834789999025,
                                            "children": {
                                                "TorchPolicy.sample_actions": {
                                                    "total": 46.89224340002629,
                                                    "count": 50064,
                                                    "self": 46.89224340002629
                                                }
                                            }
                                        }
                                    }
                                },
                                "workers": {
                                    "total": 0.6489841000167829,
                                    "count": 50064,
                                    "self": 0.0,
                                    "children": {
                                        "worker_root": {
                                            "total": 2287.550684999963,
                                            "count": 50064,