{
    "name": "root",
    "gauges": {
        "RedCell3Raycast.Policy.Entropy.mean": {
            "value": 0.9080948829650879,
            "min": 0.9080948829650879,
            "max": 1.0513741970062256,
            "count": 11
        },
        "RedCell3Raycast.Policy.Entropy.sum": {
            "value": 9298.8916015625,
            "min": 8913.345703125,
            "max": 10766.072265625,
            "count": 11
        },
        "RedCell3Raycast.Step.mean": {
            "value": 109984.0,
            "min": 9984.0,
            "max": 109984.0,
            "count": 11
        },
        "RedCell3Raycast.Step.sum": {
            "value": 109984.0,
            "min": 9984.0,
            "max": 109984.0,
            "count": 11
        },
        "RedCell3Raycast.Policy.ExtrinsicValueEstimate.mean": {
            "value": 21.20813751220703,
            "min": 1.3182061910629272,
            "max": 45.59858322143555,
            "count": 11
        },
        "RedCell3Raycast.Policy.ExtrinsicValueEstimate.sum": {
            "value": 3329.677490234375,
            "min": 205.64016723632812,
            "max": 7113.37890625,
            "count": 11
        },
        "RedCell3Raycast.Losses.PolicyLoss.mean": {
            "value": 0.25137350414365334,
            "min": 0.2472088217491972,
            "max": 0.25561166008499,
            "count": 11
        },
        "RedCell3Raycast.Losses.PolicyLoss.sum": {
            "value": 3.7706025621548003,
            "min": 3.723516922061928,
            "max": 4.08978656135984,
            "count": 11
        },
        "RedCell3Raycast.Losses.ValueLoss.mean": {
            "value": 57.33234930560913,
            "min": 39.100301659219745,
            "max": 106.01971395857011,
            "count": 11
        },
        "RedCell3Raycast.Losses.ValueLoss.sum": {
            "value": 859.9852395841369,
            "min": 625.6048265475159,
            "max": 1696.3154233371217,
            "count": 11
        },
        "RedCell3Raycast.Policy.LearningRate.mean": {
            "value": 0.00023692802102399997,
            "min": 0.00023692802102399997,
            "max": 0.00029692800102399996,
            "count": 11
        },
        "RedCell3Raycast.Policy.LearningRate.sum": {
            "value": 0.0035539203153599997,
            "min": 0.0035539203153599997,
            "max": 0.004655616048127999,
            "count": 11
        },
        "RedCell3Raycast.Policy.Epsilon.mean": {
            "value": 0.178976,
            "min": 0.178976,
            "max": 0.198976,
            "count": 11
        },
        "RedCell3Raycast.Policy.Epsilon.sum": {
            "value": 2.68464,
            "min": 2.68464,
            "max": 3.1518720000000005,
            "count": 11
        },
        "RedCell3Raycast.Policy.Beta.mean": {
            "value": 0.0005000000000000003,
            "min": 0.0005000000000000001,
            "max": 0.0005000000000000003,
            "count": 11
        },
        "RedCell3Raycast.Policy.Beta.sum": {
            "value": 0.007500000000000005,
            "min": 0.007500000000000004,
            "max": 0.008000000000000002,
            "count": 11
        },
        "RedCell3Raycast.IsTraining.mean": {
            "value": 1.0,
            "min": 1.0,
            "max": 1.0,
            "count": 11
        },
        "RedCell3Raycast.IsTraining.sum": {
            "value": 1.0,
            "min": 1.0,
            "max": 1.0,
            "count": 11
        },
        "RedCell3Raycast.Environment.EpisodeLength.mean": {
            "value": 4999.0,
            "min": 4999.0,
            "max": 4999.0,
            "count": 2
        },
        "RedCell3Raycast.Environment.EpisodeLength.sum": {
            "value": 49990.0,
            "min": 49990.0,
            "max": 49990.0,
            "count": 2
        },
        "RedCell3Raycast.Environment.CumulativeReward.mean": {
            "value": 362.79997658729553,
            "min": -458.0000291466713,
            "max": 945.1333004898495,
            "count": 4
        },
        "RedCell3Raycast.Environment.CumulativeReward.sum": {
            "value": 362.79997658729553,
            "min": -458.0000291466713,
            "max": 8506.199704408646,
            "count": 4
        },
        "RedCell3Raycast.Policy.ExtrinsicReward.mean": {
            "value": 362.79997658729553,
            "min": -458.0000291466713,
            "max": 945.1333004898495,
            "count": 4
        },
        "RedCell3Raycast.Policy.ExtrinsicReward.sum": {
            "value": 362.79997658729553,
            "min": -458.0000291466713,
            "max": 8506.199704408646,
            "count": 4
        }
    },
    "metadata": {
        "timer_format_version": "0.1.0",
        "start_time_seconds": "1661105414",
        "python_version": "3.9.6 (tags/v3.9.6:db3ff76, Jun 28 2021, 15:26:21) [MSC v.1929 64 bit (AMD64)]",
        "command_line_arguments": "D:\\Hamza Logic\\Unity\\ML-Agents\\ML-Agents RL\\venv\\Scripts\\mlagents-learn config\\RedCell3Raycast.yaml --initialize-from=RedCells3Raycast --force --run-id=RedCells3RaycastP2",
        "mlagents_version": "0.29.0",
        "mlagents_envs_version": "0.29.0",
        "communication_protocol_version": "1.5.0",
        "pytorch_version": "1.12.1+cu116",
        "numpy_version": "1.21.2",
        "end_time_seconds": "1661106032"
    },
    "total": 617.6107845,
    "count": 1,
    "self": 0.0061026000000765634,
    "children": {
        "run_training.setup": {
            "total": 0.11872289999999985,
            "count": 1,
            "self": 0.11872289999999985
        },
        "TrainerController.start_learning": {
            "total": 617.485959,
            "count": 1,
            "self": 0.2273870000004763,
            "children": {
                "TrainerController._reset_env": {
                    "total": 33.3826325,
                    "count": 1,
                    "self": 33.3826325
                },
                "TrainerController.advance": {
                    "total": 583.7164418999995,
                    "count": 11284,
                    "self": 0.22189319999802137,
                    "children": {
                        "env_step": {
                            "total": 193.41177700000114,
                            "count": 11284,
                            "self": 167.07611279999986,
                            "children": {
                                "SubprocessEnvManager._take_step": {
                                    "total": 26.18925740000106,
                                    "count": 11284,
                                    "self": 0.8576109999971493,
                                    "children": {
                                        "TorchPolicy.evaluate": {
                                            "total": 25.331646400003912,
                                            "count": 11284,
                                            "self": 14.337137400007506,
                                            "children": {
                                                "TorchPolicy.sample_actions": {
                                                    "total": 10.994508999996405,
                                                    "count": 11284,
                                                    "self": 10.994508999996405
                                                }
                                            }
                                        }
                                    }
                                },
                                "workers": {
                                    "total": 0.14640680000020723,
                                    "count": 11283,
                                    "self": 0.0,
                                    "children": {
                                        "worker_root": {
                                            "total": 522.6752963000005,