{
    "name": "root",
    "gauges": {
        "RedCellBehaviour.Policy.Entropy.mean": {
            "value": 1.3869737386703491,
            "min": 1.3869737386703491,
            "max": 1.4278151988983154,
            "count": 3
        },
        "RedCellBehaviour.Policy.Entropy.sum": {
            "value": 14317.73046875,
            "min": 13970.26171875,
            "max": 14803.587890625,
            "count": 3
        },
        "RedCellBehaviour.Step.mean": {
            "value": 29998.0,
            "min": 9956.0,
            "max": 29998.0,
            "count": 3
        },
        "RedCellBehaviour.Step.sum": {
            "value": 29998.0,
            "min": 9956.0,
            "max": 29998.0,
            "count": 3
        },
        "RedCellBehaviour.Policy.ExtrinsicValueEstimate.mean": {
            "value": 0.08832553774118423,
            "min": -0.06770559400320053,
            "max": 0.2143087387084961,
            "count": 3
        },
        "RedCellBehaviour.Policy.ExtrinsicValueEstimate.sum": {
            "value": 14.043760299682617,
            "min": -10.629777908325195,
            "max": 33.6464729309082,
            "count": 3
        },
        "RedCellBehaviour.Losses.PolicyLoss.mean": {
            "value": 0.2366582433474412,
            "min": 0.2366582433474412,
            "max": 0.24692474749158005,
            "count": 3
        },
        "RedCellBehaviour.Losses.PolicyLoss.sum": {
            "value": 16.566077034320884,
            "min": 4.938494949831601,
            "max": 16.566077034320884,
            "count": 3
        },
        "RedCellBehaviour.Losses.ValueLoss.mean": {
            "value": 0.017320036627433335,
            "min": 0.002289720177752359,
            "max": 0.017320036627433335,
            "count": 3
        },
        "RedCellBehaviour.Losses.ValueLoss.sum": {
            "value": 1.2124025639203335,
            "min": 0.1117991877619886,
            "max": 1.2124025639203335,
            "count": 3
        },
        "RedCellBehaviour.Policy.LearningRate.mean": {
            "value": 0.00028501596499468,
            "min": 0.00028501596499468,
            "max": 0.00029648997117000996,
            "count": 3
        },
        "RedCellBehaviour.Policy.LearningRate.sum": {
            "value": 0.019951117549627598,
            "min": 0.005929799423400199,
            "max": 0.019951117549627598,
            "count": 3
        },
        "RedCellBehaviour.Policy.Epsilon.mean": {
            "value": 0.19500532,
            "min": 0.19500532,
            "max": 0.19882999,
            "count": 3
        },
        "RedCellBehaviour.Policy.Epsilon.sum": {
            "value": 13.6503724,
            "min": 3.9765998000000002,
            "max": 13.6503724,
            "count": 3
        },
        "RedCellBehaviour.Policy.Beta.mean": {
            "value": 0.0005,
            "min": 0.0005,
            "max": 0.0005000000000000002,
            "count": 3
        },
        "RedCellBehaviour.Policy.Beta.sum": {
            "value": 0.035,
            "min": 0.010000000000000004,
            "max": 0.035,
            "count": 3
        },
        "RedCellBehaviour.Environment.EpisodeLength.mean": {
            "value": 558.0,
            "min": 558.0,
            "max": 1026.5,
            "count": 3
        },
        "RedCellBehaviour.Environment.EpisodeLength.sum": {
            "value": 2232.0,
            "min": 2232.0,
            "max": 4127.0,
            "count": 3
        },
        "RedCellBehaviour.Environment.CumulativeReward.mean": {
            "value": -0.5,
            "min": -0.6,
            "max": -0.5,
            "count": 3
        },
        "RedCellBehaviour.Environment.CumulativeReward.sum": {
            "value": -2.0,
            "min": -3.0,
            "max": -2.0,
            "count": 3
        },
        "RedCellBehaviour.Policy.ExtrinsicReward.mean": {
            "value": -0.5,
            "min": -0.6,
            "max": -0.5,
            "count": 3
        },
        "RedCellBehaviour.Policy.ExtrinsicReward.sum": {
            "value": -2.0,
            "min": -3.0,
            "max": -2.0,
            "count": 3
        },
        "RedCellBehaviour.IsTraining.mean": {
            "value": 1.0,
            "min": 1.0,
            "max": 1.0,
            "count": 3
        },
        "RedCellBehaviour.IsTraining.sum": {
            "value": 1.0,
            "min": 1.0,
            "max": 1.0,
            "count": 3
        }
    },
    "metadata": {
        "timer_format_version": "0.1.0",
        "start_time_seconds": "1661030118",
        "python_version": "3.9.6 (tags/v3.9.6:db3ff76, Jun 28 2021, 15:26:21) [MSC v.1929 64 bit (AMD64)]",
        "command_line_arguments": "D:\\Hamza Logic\\Unity\\ML-Agents\\ML-Agents RL\\venv\\Scripts\\mlagents-learn config\\RedCells.yaml --run-id=RedCells2",
        "mlagents_version": "0.29.0",
        "mlagents_envs_version": "0.29.0",
        "communication_protocol_version": "1.5.0",
        "pytorch_version": "1.12.1+cu116",
        "numpy_version": "1.21.2",
        "end_time_seconds": "1661030414"
    },
    "total": 295.8447622,
    "count": 1,
    "self": 0.009729600000014216,
    "children": {
        "run_training.setup": {
            "total": 0.12229269999999981,
            "count": 1,
            "self": 0.12229269999999981
        },
        "TrainerController.start_learning": {
            "total": 295.7127399,
            "count": 1,
            "self": 0.09719360000076449,
            "children": {
                "TrainerController._reset_env": {
                    "total": 29.174007600000003,
                    "count": 1,
                    "self": 29.174007600000003
                },
                "TrainerController.advance": {
                    "total": 264.3326279999992,
                    "count": 4438,
                    "self": 0.08627059999901121,
                    "children": {
                        "env_step": {
                            "total": 128.22631109999978,
                            "count": 4438,
                            "self": 100.82425109999852,
                            "children": {
                                "SubprocessEnvManager._take_step": {
                                    "total": 27.344168900001215,
                                    "count": 4438,
                                    "self": 0.32507430000285353,
                                    "children": {
                                        "TorchPolicy.evaluate": {
                                            "total": 27.01909459999836,
                                            "count": 4434,
                                            "self": 5.918789799997732,
                                            "children": {
                                                "TorchPolicy.sample_actions": {
                                                    "total": 21.10030480000063,
                                                    "count": 4434,
                                                    "self": 21.10030480000063
                                                }
                                            }
                                        }
                                    }
                                },
                                "workers": {
                                    "total": 0.05789110000004172,
                                    "count": 4437,
                                    "self": 0.0,
                                    "children": {
                                        "worker_root": {
                                            "total": 217.6764192000003,
                                            "count": 4437,
                                            "is_parallel": true,
                                            "self": 184.98276029999965,